"date_t";"SP500";"ret"
2015-01-02;2058.19995117188;-0.000339963672385535
2015-01-05;2020.57995605469;-0.0182781051451137
2015-01-06;2002.60998535156;-0.00889347172294652
2015-01-07;2025.90002441406;0.0116298426717429
2015-01-08;2062.13989257812;0.0178882806295162
2015-01-09;2044.81005859375;-0.00840381103471544
2015-01-12;2028.26000976562;-0.00809368516091258
2015-01-13;2023.03002929688;-0.00257855523629558
2015-01-14;2011.27001953125;-0.00581306732738529
2015-01-15;1992.67004394531;-0.00924787592183796
2015-01-16;2019.42004394531;0.0134241993958204
2015-01-20;2022.55004882812;0.00154995236983857
2015-01-21;2032.11999511719;0.00473162396876536
2015-01-22;2063.14990234375;0.0152697219165805
2015-01-23;2051.82006835938;-0.00549152243930717
2015-01-26;2057.09008789062;0.00256846085703022
2015-01-27;2029.55004882812;-0.013387862410411
2015-01-28;2002.16003417969;-0.0134956093663483
2015-01-29;2021.25;0.00953468528709989
2015-01-30;1994.98999023438;-0.0129919652520099
2015-02-02;2020.84997558594;0.0129624637106698
2015-02-03;2050.03002929688;0.0144394952932996
2015-02-04;2041.51000976562;-0.00415604620883148
2015-02-05;2062.52001953125;0.0102914066867774
2015-02-06;2055.46997070312;-0.00341817231414188
2015-02-09;2046.73999023438;-0.00424719436098775
2015-02-10;2068.59008789062;0.0106755610192324
2015-02-11;2068.53002929688;-2.90335886754534e-05
2015-02-12;2088.47998046875;0.00964450643177583
2015-02-13;2096.98999023438;0.00407473849173079
2015-02-17;2100.34008789062;0.00159757446237285
2015-02-18;2099.67993164062;-0.000314309217733899
2015-02-19;2097.44995117188;-0.00106205733318965
2015-02-20;2110.30004882812;0.00612653362673576
2015-02-23;2109.65991210938;-0.000303339195345975
2015-02-24;2115.47998046875;0.00275877089286669
2015-02-25;2113.86010742188;-0.000765723647508154
2015-02-26;2110.73999023438;-0.00147602822748072
2015-02-27;2104.5;-0.00295630454875784
2015-03-02;2117.38989257812;0.00612491925784031
2015-03-03;2107.78002929688;-0.0045385421527393
2015-03-04;2098.53002929688;-0.00438850348301556
2015-03-05;2101.0400390625;0.00119607998483873
2015-03-06;2071.26000976562;-0.0141739465898818
2015-03-09;2079.42993164062;0.00394442119119764
2015-03-10;2044.16003417969;-0.0169613300858424
2015-03-11;2040.23999023438;-0.00191767957487032
2015-03-12;2065.94995117188;0.0126014395662084
2015-03-13;2053.39990234375;-0.00607471096819467
2015-03-16;2081.18994140625;0.0135336711717871
2015-03-17;2074.28002929688;-0.00332017370058302
2015-03-18;2099.5;0.0121584214025692
2015-03-19;2089.27001953125;-0.00487257940878782
2015-03-20;2108.10009765625;0.00901275466979845
2015-03-23;2104.419921875;-0.00174573104253517
2015-03-24;2091.5;-0.00613942195694883
2015-03-25;2061.05004882812;-0.0145589056523429
2015-03-26;2056.14990234375;-0.00237749999674253
2015-03-27;2061.02001953125;0.0023685613495148
2015-03-30;2086.23999023438;0.0122366451873965
2015-03-31;2067.88989257812;-0.00879577505087925
2015-04-01;2059.68994140625;-0.00396537127112306
2015-04-02;2066.9599609375;0.0035296669586522
2015-04-06;2080.6201171875;0.00660881512373579
2015-04-07;2076.330078125;-0.00206190405786288
2015-04-08;2081.89990234375;0.00268253312776734
2015-04-09;2091.17993164062;0.00445748101838506
2015-04-10;2102.06005859375;0.00520286503734235
2015-04-13;2092.42993164062;-0.00458128059365126
2015-04-14;2095.84008789062;0.0016297588743277
2015-04-15;2106.6298828125;0.00514819569690284
2015-04-16;2104.98999023438;-0.000778443613424717
2015-04-17;2081.17993164062;-0.0113112455186064
2015-04-20;2100.39990234375;0.00923513167262469
2015-04-21;2097.2900390625;-0.00148060532557626
2015-04-22;2107.9599609375;0.00508748035620754
2015-04-23;2112.92993164062;0.00235771589367118
2015-04-24;2117.68994140625;0.00225280057532662
2015-04-27;2108.919921875;-0.00414131424991626
2015-04-28;2114.76000976562;0.00276923169535648
2015-04-29;2106.85009765625;-0.003740335580798
2015-04-30;2085.51000976562;-0.0101289066148392
2015-05-01;2108.2900390625;0.010923001659165
2015-05-04;2114.48999023438;0.00294074869064587
2015-05-05;2089.4599609375;-0.0118373836776123
2015-05-06;2080.14990234375;-0.00445572481301471
2015-05-07;2088;0.0037738134388321
2015-05-08;2116.10009765625;0.0134579011763649
2015-05-11;2105.330078125;-0.00508956052843557
2015-05-12;2099.1201171875;-0.00294963768485679
2015-05-13;2098.47998046875;-0.000304954782486488
2015-05-14;2121.10009765625;0.0107792866255731
2015-05-15;2122.72998046875;0.000768413906680365
2015-05-18;2129.19995117188;0.00304794804928332
2015-05-19;2127.830078125;-0.000643374543626618
2015-05-20;2125.85009765625;-0.000930516251793301
2015-05-21;2130.82006835938;0.00233787448541389
2015-05-22;2126.06005859375;-0.00223388630335641
2015-05-26;2104.19995117188;-0.0102819801978379
2015-05-27;2123.47998046875;0.00916264126236555
2015-05-28;2120.7900390625;-0.00126676089767341
2015-05-29;2107.38989257812;-0.00631846917307222
2015-06-01;2111.72998046875;0.00205946128237122
2015-06-02;2109.60009765625;-0.00100859618994809
2015-06-03;2114.07006835938;0.0021188711112079
2015-06-04;2095.84008789062;-0.00862316757688986
2015-06-05;2092.830078125;-0.00143618293352454
2015-06-08;2079.28002929688;-0.00647450978928243
2015-06-09;2080.14990234375;0.000418353004221883
2015-06-10;2105.19995117188;0.0120424248271245
2015-06-11;2108.86010742188;0.00173862641786715
2015-06-12;2094.11010742188;-0.00699429988176514
2015-06-15;2084.42993164062;-0.00462257249365339
2015-06-16;2096.2900390625;0.0056898566086796
2015-06-17;2100.43994140625;0.00197964130269201
2015-06-18;2121.23999023438;0.00990271057890824
2015-06-19;2109.98999023438;-0.00530350174982186
2015-06-22;2122.85009765625;0.00609486655453106
2015-06-23;2124.19995117188;0.000635868503911396
2015-06-24;2108.580078125;-0.00735329696164333
2015-06-25;2102.31005859375;-0.00297357430068557
2015-06-26;2101.48999023438;-0.000390079644067121
2015-06-29;2057.63989257812;-0.0208661939195625
2015-06-30;2063.11010742188;0.00265848988614614
2015-07-01;2077.419921875;0.00693604010840065
2015-07-02;2076.78002929688;-0.00030802274079833
2015-07-06;2068.76000976562;-0.00386175686308254
2015-07-07;2081.34008789062;0.00608097510857486
2015-07-08;2046.68005371094;-0.016652749054007
2015-07-09;2051.31005859375;0.00226220257260912
2015-07-10;2076.6201171875;0.0123384851001516
2015-07-13;2099.60009765625;0.0110660492396044
2015-07-14;2108.94995117188;0.00445315921163369
2015-07-15;2107.39990234375;-0.000734986066058041
2015-07-16;2124.2900390625;0.00801468041256226
2015-07-17;2126.63989257812;0.00110618299404264
2015-07-20;2128.28002929688;0.00077123387202227
2015-07-21;2119.2099609375;-0.00426168936160698
2015-07-22;2114.14990234375;-0.0023877098952062
2015-07-23;2102.14990234375;-0.00567604027826829
2015-07-24;2079.64990234375;-0.0107033280428356
2015-07-27;2067.63989257812;-0.00577501518505097
2015-07-28;2093.25;0.0123861546267334
2015-07-29;2108.57006835938;0.00731879534665003
2015-07-30;2108.6298828125;2.83673063667944e-05
2015-07-31;2103.84008789062;-0.00227151998599506
2015-08-03;2098.0400390625;-0.00275688673369667
2015-08-04;2093.32006835938;-0.00224970477933972
2015-08-05;2099.84008789062;0.00311467874874949
2015-08-06;2083.56005859375;-0.00775298528243118
2015-08-07;2077.57006835938;-0.00287488244443401
2015-08-10;2104.17993164062;0.0128081664664448
2015-08-11;2084.07006835938;-0.00955710249815489
2015-08-12;2086.05004882812;0.000950054654500487
2015-08-13;2083.38989257812;-0.0012752120935422
2015-08-14;2091.5400390625;0.0039119641087868
2015-08-17;2102.43994140625;0.00521142418513576
2015-08-18;2096.919921875;-0.00262553018639755
2015-08-19;2079.61010742188;-0.00825487624613108
2015-08-20;2035.72998046875;-0.0211001700734778
2015-08-21;1970.89001464844;-0.0318509657186373
2015-08-24;1893.2099609375;-0.0394136928664657
2015-08-25;1867.60998535156;-0.0135219949789724
2015-08-26;1940.51000976562;0.0390338587745018
2015-08-27;1987.66003417969;0.0242977486211253
2015-08-28;1988.86999511719;0.000608736361698448
2015-08-31;1972.18005371094;-0.00839167036921717
2015-09-01;1913.84997558594;-0.0295764466409868
2015-09-02;1948.85998535156;0.0182929750044314
2015-09-03;1951.13000488281;0.00116479354510446
2015-09-04;1921.21997070312;-0.0153295957239322
2015-09-08;1969.41003417969;0.0250830535864803
2015-09-09;1942.0400390625;-0.0138975605090729
2015-09-10;1952.2900390625;0.00527795503379425
2015-09-11;1961.05004882812;0.00448704321097271
2015-09-14;1953.03002929688;-0.00408965571074671
2015-09-15;1978.08996582031;0.0128313114225178
2015-09-16;1995.31005859375;0.00870541434969385
2015-09-17;1990.19995117188;-0.00256105932001194
2015-09-18;1958.03002929688;-0.0161641657442799
2015-09-21;1966.96997070312;0.00456578360519844
2015-09-22;1942.73999023438;-0.0123184292742856
2015-09-23;1938.76000976562;-0.00204864289032824
2015-09-24;1932.23999023438;-0.00336298432936943
2015-09-25;1931.33996582031;-0.000465793285829519
2015-09-28;1881.77001953125;-0.0256660904689602
2015-09-29;1884.08996582031;0.0012328532525141
2015-09-30;1920.03002929688;0.0190755559068616
2015-10-01;1923.81994628906;0.00197388422803746
2015-10-02;1951.35998535156;0.014315289284542
2015-10-05;1987.05004882812;0.0182898408005083
2015-10-06;1979.92004394531;-0.00358823618308834
2015-10-07;1995.82995605469;0.00803563363986748
2015-10-08;2013.43005371094;0.00881843545982308
2015-10-09;2014.89001464844;0.000725111326717931
2015-10-12;2017.4599609375;0.00127547720738042
2015-10-13;2003.68994140625;-0.00682542394786911
2015-10-14;1994.23999023438;-0.00471627419821385
2015-10-15;2023.85998535156;0.0148527736191402
2015-10-16;2033.10998535156;0.00457047427537005
2015-10-19;2033.66003417969;0.000270545534716726
2015-10-20;2030.77001953125;-0.00142109034935289
2015-10-21;2018.93994140625;-0.00582541499589928
2015-10-22;2052.51000976562;0.0166275715641113
2015-10-23;2075.14990234375;0.0110303445393234
2015-10-26;2071.17993164062;-0.00191310068667383
2015-10-27;2065.88989257812;-0.00255411853972032
2015-10-28;2090.35009765625;0.011840033278637
2015-10-29;2089.40991210938;-0.00044977420190484
2015-10-30;2079.36010742188;-0.00480987700367241
2015-11-02;2104.05004882812;0.0118738170065511
2015-11-03;2109.7900390625;0.00272806734686371
2015-11-04;2102.31005859375;-0.00354536723098464
2015-11-05;2099.92993164062;-0.00113214839238185
2015-11-06;2099.19995117188;-0.000347621345717752
2015-11-09;2078.580078125;-0.0098227293857186
2015-11-10;2081.71997070312;0.00151059495430039
2015-11-11;2075;-0.00322808581254819
2015-11-12;2045.96997070312;-0.013990375564759
2015-11-13;2023.0400390625;-0.0112073647066994
2015-11-16;2053.18994140625;0.0149032652649435
2015-11-17;2050.43994140625;-0.00133937924813543
2015-11-18;2083.580078125;0.0161624517985255
2015-11-19;2081.23999023438;-0.00112310916925773
2015-11-20;2089.169921875;0.00381019568998964
2015-11-23;2086.59008789062;-0.00123486077286605
2015-11-24;2089.13989257812;0.00122199597434003
2015-11-25;2088.8701171875;-0.00012913227667688
2015-11-27;2090.11010742188;0.000593617680760605
2015-11-30;2080.40991210938;-0.00464099727476319
2015-12-01;2102.6298828125;0.0106805733686375
2015-12-02;2079.51000976562;-0.0109956931725662
2015-12-03;2049.6201171875;-0.014373526666262
2015-12-04;2091.68994140625;0.0205256690573854
2015-12-07;2077.07006835938;-0.0069895029647874
2015-12-08;2063.59008789062;-0.00648990165237784
2015-12-09;2047.61999511719;-0.00773898501797998
2015-12-10;2052.22998046875;0.00225138715316109
2015-12-11;2012.36999511719;-0.0194227672974829
2015-12-14;2021.93994140625;0.0047555600174336
2015-12-15;2043.41003417969;0.0106185610827318
2015-12-16;2073.07006835938;0.0145149694303006
2015-12-17;2041.89001464844;-0.0150405209099437
2015-12-18;2005.55004882812;-0.0177972200067639
2015-12-21;2021.15002441406;0.00777840253602879
2015-12-22;2038.96997070312;0.00881673605314304
2015-12-23;2064.2900390625;0.0124180683007526
2015-12-24;2060.98999023438;-0.00159863622149903
2015-12-28;2056.5;-0.00217855994238203
2015-12-29;2078.36010742188;0.0106297629087648
2015-12-30;2063.36010742188;-0.00721722859596596
2015-12-31;2043.93994140625;-0.00941191309542666
2016-01-04;2012.66003417969;-0.0153037310895944
2016-01-05;2016.7099609375;0.00201222595422745
2016-01-06;1990.26000976562;-0.0131153967026469
2016-01-07;1943.08996582031;-0.0237004430144117
2016-01-08;1922.03002929688;-0.0108383743902185
2016-01-11;1923.67004394531;0.000853272125533655
2016-01-12;1938.68005371094;0.00780279851675636
2016-01-13;1890.28002929688;-0.0249654523042196
2016-01-14;1921.83996582031;0.0166959053866622
2016-01-15;1880.32995605469;-0.02159909800185
2016-01-19;1881.32995605469;0.000531821554392575
2016-01-20;1859.32995605469;-0.0116938551524135
2016-01-21;1868.98999023438;0.00519543836113145
2016-01-22;1906.90002441406;0.0202837010244947
2016-01-25;1877.07995605469;-0.015637982053379
2016-01-26;1903.63000488281;0.0141443355902264
2016-01-27;1882.94995117188;-0.0108634837956395
2016-01-28;1893.35998535156;0.00552857720578759
2016-01-29;1940.23999023438;0.0247602174153414
2016-02-01;1939.38000488281;-0.000443236587170159
2016-02-02;1903.03002929688;-0.0187430908302749
2016-02-03;1912.53002929688;0.00499203893461941
2016-02-04;1915.44995117188;0.00152673256381419
2016-02-05;1880.05004882812;-0.0184812463108693
2016-02-08;1853.43994140625;-0.0141539356563735
2016-02-09;1852.2099609375;-0.000663620353307359
2016-02-10;1851.85998535156;-0.000188950277408284
2016-02-11;1829.07995605469;-0.0123011617925047
2016-02-12;1864.78002929688;0.0195180495658551
2016-02-16;1895.57995605469;0.0165166541221624
2016-02-17;1926.81994628906;0.016480439210486
2016-02-18;1917.82995605469;-0.00466571370702762
2016-02-19;1917.78002929688;-2.60329429389028e-05
2016-02-22;1945.5;0.0144541971861538
2016-02-23;1921.27001953125;-0.0124543718677718
2016-02-24;1929.80004882812;0.00443978681297286
2016-02-25;1951.69995117188;0.0113482753599519
2016-02-26;1948.05004882812;-0.00187011448227914
2016-02-29;1932.22998046875;-0.00812097634190234
2016-03-01;1978.34997558594;0.0238687918018947
2016-03-02;1986.44995117188;0.00409430873500449
2016-03-03;1993.40002441406;0.00349874067458256
2016-03-04;1999.98999023438;0.00330589231443867
2016-03-07;2001.76000976562;0.000885014195017408
2016-03-08;1979.26000976562;-0.0112401086495051
2016-03-09;1989.26000976562;0.00505239329378671
2016-03-10;1989.56994628906;0.000155804933450687
2016-03-11;2022.18994140625;0.0163955005341885
2016-03-14;2019.64001464844;-0.00126097292128713
2016-03-15;2015.93005371094;-0.00183694168792048
2016-03-16;2027.21997070312;0.00560035154563265
2016-03-17;2040.58996582031;0.00659523648662086
2016-03-18;2049.580078125;0.0044056436889679
2016-03-21;2051.60009765625;0.00098557726668469
2016-03-22;2049.80004882812;-0.000877387766836879
2016-03-23;2036.7099609375;-0.00638603160250129
2016-03-24;2035.93994140625;-0.000378070292785138
2016-03-28;2037.05004882812;0.000545255485831397
2016-03-29;2055.01000976562;0.00881665177928848
2016-03-30;2063.94995117188;0.00435031526063945
2016-03-31;2059.73999023438;-0.00203975921756705
2016-04-01;2072.78002929688;0.00633091512730988
2016-04-04;2066.1298828125;-0.00320832234505408
2016-04-05;2045.17004394531;-0.0101444923872144
2016-04-06;2066.65991210938;0.0105076192699394
2016-04-07;2041.91003417969;-0.011975786526205
2016-04-08;2047.59997558594;0.00278657791528802
2016-04-11;2041.98999023438;-0.00273978580701884
2016-04-12;2061.71997070312;0.0096621337827838
2016-04-13;2082.419921875;0.0100401371020409
2016-04-14;2082.78002929688;0.000172927380348353
2016-04-15;2080.72998046875;-0.000984284849714578
2016-04-18;2094.34008789062;0.00654102528902323
2016-04-19;2100.80004882812;0.00308448516783466
2016-04-20;2102.39990234375;0.000761544877399212
2016-04-21;2091.47998046875;-0.00519402700829019
2016-04-22;2091.580078125;4.78597247808299e-05
2016-04-25;2087.7900390625;-0.00181204587963835
2016-04-26;2091.69995117188;0.00187275158719058
2016-04-27;2095.14990234375;0.00164935280031075
2016-04-28;2075.81005859375;-0.00923076851368265
2016-04-29;2065.30004882812;-0.00506308836982172
2016-05-02;2081.42993164062;0.00780994646354283
2016-05-03;2063.3701171875;-0.00867663819886066
2016-05-04;2051.1201171875;-0.00593688931421454
2016-05-05;2050.6298828125;-0.000239008125800133
2016-05-06;2057.13989257812;0.00317463908050364
2016-05-09;2058.68994140625;0.000753497043986862
2016-05-10;2084.38989257812;0.0124836434350672
2016-05-11;2064.4599609375;-0.00956151807854633
2016-05-12;2064.11010742188;-0.000169464907164407
2016-05-13;2046.60998535156;-0.00847828902508041
2016-05-16;2066.65991210938;0.00979665246496308
2016-05-17;2047.2099609375;-0.00941129745533364
2016-05-18;2047.63000488281;0.000205178732678668
2016-05-19;2040.0400390625;-0.00370670765822601
2016-05-20;2052.32006835938;0.00601950405959606
2016-05-23;2048.0400390625;-0.00208545897048917
2016-05-24;2076.06005859375;0.0136813826862858
2016-05-25;2090.5400390625;0.00697474064336956
2016-05-26;2090.10009765625;-0.000210443903503221
2016-05-27;2099.06005859375;0.00428685733642475
2016-05-31;2096.94995117188;-0.00100526300485593
2016-06-01;2099.330078125;0.00113504232745032
2016-06-02;2105.26000976562;0.00282467807345532
2016-06-03;2099.1298828125;-0.00291181465694945
2016-06-06;2109.40991210938;0.00489728119305388
2016-06-07;2112.1298828125;0.00128944625106331
2016-06-08;2119.1201171875;0.00330956653370751
2016-06-09;2115.47998046875;-0.00171775855895384
2016-06-10;2096.07006835938;-0.00917518118279437
2016-06-13;2079.06005859375;-0.00811519138715577
2016-06-14;2075.32006835938;-0.00179888513509552
2016-06-15;2071.5;-0.00184071287008514
2016-06-16;2077.98999023438;0.00313299069967421
2016-06-17;2071.21997070312;-0.00325796541998091
2016-06-20;2083.25;0.00580818525653326
2016-06-21;2088.89990234375;0.00271206160746429
2016-06-22;2085.44995117188;-0.00165156366181274
2016-06-23;2113.32006835938;0.0133640786593028
2016-06-24;2037.41003417969;-0.0359197999944317
2016-06-27;2000.5400390625;-0.018096502176123
2016-06-28;2036.08996582031;0.0177701650872593
2016-06-29;2070.77001953125;0.0170326725700283
2016-06-30;2098.86010742188;0.0135650447059223
2016-07-01;2102.94995117188;0.00194860235588723
2016-07-05;2088.55004882812;-0.00684747743793224
2016-07-06;2099.72998046875;0.00535296324208168
2016-07-07;2097.89990234375;-0.000871577841923932
2016-07-08;2129.89990234375;0.0152533492967182
2016-07-11;2137.15991210938;0.00340861547419946
2016-07-12;2152.13989257812;0.0070092932137984
2016-07-13;2152.42993164062;0.000134767755339826
2016-07-14;2163.75;0.00525920411762093
2016-07-15;2161.73999023438;-0.000928947320912754
2016-07-18;2166.88989257812;0.00238229498784071
2016-07-19;2163.78002929688;-0.00143517365229384
2016-07-20;2173.02001953125;0.00427030017343188
2016-07-21;2165.169921875;-0.00361252891629749
2016-07-22;2175.03002929688;0.00455396471300329
2016-07-25;2168.47998046875;-0.00301147512443423
2016-07-26;2169.17993164062;0.000322784244346064
2016-07-27;2166.580078125;-0.00119854212078141
2016-07-28;2170.06005859375;0.00160620902217556
2016-07-29;2173.60009765625;0.00163130925730881
2016-08-01;2170.84008789062;-0.00126978728451521
2016-08-02;2157.03002929688;-0.00636161948122538
2016-08-03;2163.7900390625;0.00313394328025574
2016-08-04;2164.25;0.000212571889691926
2016-08-05;2182.8701171875;0.0086034964479611
2016-08-08;2180.88989257812;-0.000907165567837986
2016-08-09;2181.73999023438;0.000389793936476535
2016-08-10;2175.48999023438;-0.00286468599740364
2016-08-11;2185.7900390625;0.00473458801206217
2016-08-12;2184.05004882812;-0.000796046373750192
2016-08-15;2190.14990234375;0.00279290921876907
2016-08-16;2178.14990234375;-0.00547907701986905
2016-08-17;2182.21997070312;0.00186858964802905
2016-08-18;2187.02001953125;0.00219961731290463
2016-08-19;2183.8701171875;-0.00144027138097491
2016-08-22;2182.63989257812;-0.000563323157221185
2016-08-23;2186.89990234375;0.00195176940553088
2016-08-24;2175.43994140625;-0.00524027685273487
2016-08-25;2172.46997070312;-0.00136522762435132
2016-08-26;2169.0400390625;-0.00157881659441994
2016-08-29;2180.3798828125;0.00522804722171077
2016-08-30;2176.1201171875;-0.00195368048411149
2016-08-31;2170.94995117188;-0.0023758642617151
2016-09-01;2170.86010742188;-4.13845330480278e-05
2016-09-02;2179.97998046875;0.00420104133642485
2016-09-06;2186.47998046875;0.00298167875771149
2016-09-07;2186.15991210938;-0.000146385222930978
2016-09-08;2181.30004882812;-0.0022230136296667
2016-09-09;2127.81005859375;-0.0245220689666751
2016-09-12;2159.0400390625;0.014677052748491
2016-09-13;2127.02001953125;-0.0148306742588959
2016-09-14;2125.77001953125;-0.000587676650206315
2016-09-15;2147.26000976562;0.0101092733630299
2016-09-16;2139.15991210938;-0.00377229474745078
2016-09-19;2139.1201171875;-1.86030607856047e-05
2016-09-20;2139.76000976562;0.000299138217149997
2016-09-21;2163.1201171875;0.0109171623524424
2016-09-22;2177.17993164062;0.00649978442778565
2016-09-23;2164.68994140625;-0.00573677446354337
2016-09-26;2146.10009765625;-0.00858776279891771
2016-09-27;2159.92993164062;0.00644417005501219
2016-09-28;2171.3701171875;0.00529655401283557
2016-09-29;2151.1298828125;-0.00932141149718702
2016-09-30;2168.27001953125;0.00796796923128618
2016-10-03;2161.19995117188;-0.00326069552947261
2016-10-04;2150.48999023438;-0.0049555622707157
2016-10-05;2159.72998046875;0.00429669065019356
2016-10-06;2160.77001953125;0.000481559765297179
2016-10-07;2153.73999023438;-0.00325348335701181
2016-10-10;2163.65991210938;0.00460590503959613
2016-10-11;2136.72998046875;-0.0124464715965323
2016-10-12;2139.17993164062;0.00114658903758036
2016-10-13;2132.55004882812;-0.00309926374796121
2016-10-14;2132.97998046875;0.000201604478573092
2016-10-17;2126.5;-0.00303799404030314
2016-10-18;2139.60009765625;0.00616040331824586
2016-10-19;2144.2900390625;0.00219197101897106
2016-10-20;2141.34008789062;-0.00137572395437924
2016-10-21;2141.15991210938;-8.41416000517681e-05
2016-10-24;2151.330078125;0.00474983954169295
2016-10-25;2143.15991210938;-0.00379772778649834
2016-10-26;2139.42993164062;-0.00174041164528815
2016-10-27;2133.0400390625;-0.00298672673669897
2016-10-28;2126.40991210938;-0.00310829934352241
2016-10-31;2126.14990234375;-0.000122276407829136
2016-11-01;2111.71997070312;-0.00678688347642764
2016-11-02;2097.93994140625;-0.00652550029741239
2016-11-03;2088.65991210938;-0.0044234008389461
2016-11-04;2085.17993164062;-0.00166613073223376
2016-11-07;2131.52001953125;0.0222235439673373
2016-11-08;2139.56005859375;0.00377197445429966
2016-11-09;2163.26000976562;0.0110770207532533
2016-11-10;2167.47998046875;0.00195074595012845
2016-11-11;2164.44995117188;-0.00139795030366086
2016-11-14;2164.19995117188;-0.000115502786222743
2016-11-15;2180.38989257812;0.00748079741776331
2016-11-16;2176.93994140625;-0.00158226342161016
2016-11-17;2187.1201171875;0.00467636960837514
2016-11-18;2181.89990234375;-0.00238679842169021
2016-11-21;2198.17993164062;0.00746140062584333
2016-11-22;2202.93994140625;0.00216543227290411
2016-11-23;2204.71997070312;0.000808024432903398
2016-11-25;2213.35009765625;0.00391438689167067
2016-11-28;2201.71997070312;-0.0052545356315028
2016-11-29;2204.65991210938;0.00133529306422697
2016-11-30;2198.81005859375;-0.00265340403909642
2016-12-01;2191.080078125;-0.00351552897374574
2016-12-02;2191.94995117188;0.000397006506315911
2016-12-05;2204.7099609375;0.0058213052532532
2016-12-06;2212.22998046875;0.00341088835469883
2016-12-07;2241.35009765625;0.0131632413648646
2016-12-08;2246.18994140625;0.00215934304732723
2016-12-09;2259.53002929688;0.00593898478695576
2016-12-12;2256.9599609375;-0.00113743492055951
2016-12-13;2271.71997070312;0.00653977475058709
2016-12-14;2253.28002929688;-0.00811717185395111
2016-12-15;2262.03002929688;0.00388322795490725
2016-12-16;2258.07006835938;-0.00175062262048342
2016-12-19;2262.53002929688;0.00197512070152039
2016-12-20;2270.76000976562;0.00363751214886965
2016-12-21;2265.17993164062;-0.00245736145651776
2016-12-22;2260.9599609375;-0.00186297372856759
2016-12-23;2263.7900390625;0.00125171527753487
2016-12-27;2268.8798828125;0.00224837271220957
2016-12-28;2249.919921875;-0.00835652917597263
2016-12-29;2249.26000976562;-0.000293304709629405
2016-12-30;2238.830078125;-0.00463705022778216
2017-01-03;2257.830078125;0.00848657528127927
2017-01-04;2270.75;0.00572227378852586
2017-01-05;2269;-0.000770670483320468
2017-01-06;2276.97998046875;0.00351695921936979
2017-01-09;2268.89990234375;-0.00354859427588672
2017-01-10;2268.89990234375;0
2017-01-11;2275.32006835938;0.00282963827932337
2017-01-12;2270.43994140625;-0.00214480899675962
2017-01-13;2274.63989257812;0.0018498402425362
2017-01-17;2267.88989257812;-0.00296750268999701
2017-01-18;2271.88989257812;0.00176375405750084
2017-01-19;2263.68994140625;-0.00360930835541939
2017-01-20;2271.31005859375;0.00336623715470785
2017-01-23;2265.19995117188;-0.0026901247580694
2017-01-24;2280.07006835938;0.00656459363766415
2017-01-25;2298.3701171875;0.00802609054961745
2017-01-26;2296.67993164062;-0.00073538440751364
2017-01-27;2294.68994140625;-0.000866463892926328
2017-01-30;2280.89990234375;-0.00600954351769589
2017-01-31;2278.8701171875;-0.000889905407144065
2017-02-01;2279.55004882812;0.000298363489650733
2017-02-02;2280.85009765625;0.000570309403293612
2017-02-03;2297.419921875;0.00726475809864779
2017-02-06;2292.56005859375;-0.00211535698588516
2017-02-07;2293.080078125;0.000226829185695943
2017-02-08;2294.669921875;0.000693322385540096
2017-02-09;2307.8701171875;0.00575254644978052
2017-02-10;2316.10009765625;0.00356605010284516
2017-02-13;2328.25;0.00524584509799242
2017-02-14;2337.580078125;0.00400733517663476
2017-02-15;2349.25;0.00499230891989821
2017-02-16;2347.21997070312;-0.000864118036341344
2017-02-17;2351.15991210938;0.00167855652875581
2017-02-21;2365.3798828125;0.00604806616082842
2017-02-22;2362.82006835938;-0.00108220014540805
2017-02-23;2363.81005859375;0.000418986721685721
2017-02-24;2367.34008789062;0.0014933641914423
2017-02-27;2369.75;0.00101798306111656
2017-02-28;2363.63989257812;-0.00257837637804625
2017-03-01;2395.9599609375;0.0136738546598663
2017-03-02;2381.919921875;-0.00585988050359842
2017-03-03;2383.1201171875;0.000503877272060027
2017-03-06;2375.31005859375;-0.00327724084800529
2017-03-07;2368.38989257812;-0.0029133737680217
2017-03-08;2362.97998046875;-0.00228421516504873
2017-03-09;2364.8701171875;0.000799895358561287
2017-03-10;2372.60009765625;0.00326867019569899
2017-03-13;2373.46997070312;0.000366632812556222
2017-03-14;2365.44995117188;-0.00337902717550465
2017-03-15;2385.26000976562;0.0083747527965814
2017-03-16;2381.3798828125;-0.00162671026942096
2017-03-17;2378.25;-0.00131431479500177
2017-03-20;2373.46997070312;-0.00200989353384839
2017-03-21;2344.02001953125;-0.0124079729406269
2017-03-22;2348.44995117188;0.00188988643600019
2017-03-23;2345.9599609375;-0.00106026966132811
2017-03-24;2343.97998046875;-0.000843995848914147
2017-03-27;2341.59008789062;-0.00101958745298114
2017-03-28;2358.57006835938;0.0072514743535006
2017-03-29;2361.1298828125;0.0010853247429301
2017-03-30;2368.06005859375;0.00293510993685575
2017-03-31;2362.71997070312;-0.0022550474897145
2017-04-03;2358.84008789062;-0.00164212554200627
2017-04-04;2360.15991210938;0.000559522549038238
2017-04-05;2352.94995117188;-0.0030548611983906
2017-04-06;2357.48999023438;0.00192950940594327
2017-04-07;2355.5400390625;-0.000827130202016746
2017-04-10;2357.15991210938;0.000687686483783922
2017-04-11;2353.78002929688;-0.00143387930328209
2017-04-12;2344.92993164062;-0.00375995103454663
2017-04-13;2328.94995117188;-0.00681469422737491
2017-04-17;2349.01000976562;0.00861334894021937
2017-04-18;2342.18994140625;-0.00290337986258959
2017-04-19;2338.169921875;-0.00171635077932086
2017-04-20;2355.84008789062;0.00755726341798768
2017-04-21;2348.68994140625;-0.00303507293263572
2017-04-24;2374.14990234375;0.0108400689629795
2017-04-25;2388.61010742188;0.00609068747674701
2017-04-26;2387.44995117188;-0.00048570348354271
2017-04-27;2388.77001953125;0.000552919804131191
2017-04-28;2384.19995117188;-0.00191314706816015
2017-05-01;2388.330078125;0.00173229051158019
2017-05-02;2391.169921875;0.00118904994582225
2017-05-03;2388.1298828125;-0.0012713605313821
2017-05-04;2389.52001953125;0.000582102643895022
2017-05-05;2399.2900390625;0.00408869540802859
2017-05-08;2399.3798828125;3.74459729908239e-05
2017-05-09;2396.919921875;-0.00102524862991538
2017-05-10;2399.6298828125;0.00113060136584786
2017-05-11;2394.43994140625;-0.00216280912461675
2017-05-12;2390.89990234375;-0.00147844136797226
2017-05-15;2402.32006835938;0.004776513648451
2017-05-16;2400.669921875;-0.000686897015143351
2017-05-17;2357.03002929688;-0.0181782144144335
2017-05-18;2365.71997070312;0.00368681828327921
2017-05-19;2381.72998046875;0.0067674999424665
2017-05-22;2394.02001953125;0.00516013114974578
2017-05-23;2398.419921875;0.00183787199265417
2017-05-24;2404.38989257812;0.00248912654897304
2017-05-25;2415.07006835938;0.00444194837709877
2017-05-26;2415.82006835938;0.000310549995971465
2017-05-30;2412.90991210938;-0.00120462458612502
2017-05-31;2411.80004882812;-0.000459968801852062
2017-06-01;2430.06005859375;0.00757111261130339
2017-06-02;2439.07006835938;0.00370773131049229
2017-06-05;2436.10009765625;-0.00121766518381439
2017-06-06;2429.330078125;-0.00277903996546092
2017-06-07;2433.13989257812;0.00156825722755038
2017-06-08;2433.7900390625;0.000267204728490178
2017-06-09;2431.77001953125;-0.000829989234415685
2017-06-12;2429.38989257812;-0.000978763178264619
2017-06-13;2440.35009765625;0.00451150517733234
2017-06-14;2437.919921875;-0.00099583079640253
2017-06-15;2432.4599609375;-0.00223959814615271
2017-06-16;2433.14990234375;0.000283639368100497
2017-06-19;2453.4599609375;0.00834722865787518
2017-06-20;2437.03002929688;-0.0066966373620162
2017-06-21;2435.61010742188;-0.000582644390069165
2017-06-22;2434.5;-0.000455782072217636
2017-06-23;2438.30004882812;0.0015609155178169
2017-06-26;2439.07006835938;0.000315801794623205
2017-06-27;2419.3798828125;-0.00807282488613359
2017-06-28;2440.68994140625;0.00880806637483378
2017-06-29;2419.69995117188;-0.00860002324682063
2017-06-30;2423.40991210938;0.00153323181070575
2017-07-03;2429.01000976562;0.00231083384955522
2017-07-05;2432.5400390625;0.00145327902424564
2017-07-06;2409.75;-0.00936882382058679
2017-07-07;2425.17993164062;0.00640312548630573
2017-07-10;2427.42993164062;0.000927766212578618
2017-07-11;2425.53002929688;-0.000782680611697839
2017-07-12;2443.25;0.00730560763589549
2017-07-13;2447.830078125;0.00187458431392606
2017-07-14;2459.27001953125;0.00467350307869929
2017-07-17;2459.13989257812;-5.29128367733334e-05
2017-07-18;2460.61010742188;0.000597857343613173
2017-07-19;2473.830078125;0.00537263935608889
2017-07-20;2473.44995117188;-0.000153659281810103
2017-07-21;2472.5400390625;-0.000367871647835027
2017-07-24;2469.90991210938;-0.00106373482797972
2017-07-25;2477.1298828125;0.00292317167833822
2017-07-26;2477.830078125;0.000282663948046658
2017-07-27;2475.419921875;-0.000972688269174515
2017-07-28;2472.10009765625;-0.0013411155777705
2017-07-31;2470.30004882812;-0.000728145607789776
2017-08-01;2476.35009765625;0.00244911496925049
2017-08-02;2477.57006835938;0.000492648718886546
2017-08-03;2472.15991210938;-0.00218365418564426
2017-08-04;2476.830078125;0.00188910352956917
2017-08-07;2480.90991210938;0.00164719978992811
2017-08-08;2474.919921875;-0.00241443278739695
2017-08-09;2474.02001953125;-0.000363608671050786
2017-08-10;2438.2099609375;-0.0144744417228018
2017-08-11;2441.32006835938;0.00127556997621281
2017-08-14;2465.84008789062;0.0100437545445353
2017-08-15;2464.61010742188;-0.000498807880847663
2017-08-16;2468.11010742188;0.00142010291585692
2017-08-17;2430.01000976562;-0.0154369521609586
2017-08-18;2425.55004882812;-0.00183536731107137
2017-08-21;2428.3701171875;0.00116265106990365
2017-08-22;2452.51000976562;0.00994077978775465
2017-08-23;2444.0400390625;-0.00345359271497303
2017-08-24;2438.96997070312;-0.00207446207031858
2017-08-25;2443.05004882812;0.0016728693563306
2017-08-28;2444.23999023438;0.000487072054385695
2017-08-29;2446.30004882812;0.000842821736810162
2017-08-30;2457.59008789062;0.00461514893396187
2017-08-31;2471.64990234375;0.00572097622073042
2017-09-01;2476.55004882812;0.0019825406825329
2017-09-05;2457.85009765625;-0.00755080688990062
2017-09-06;2465.5400390625;0.00312872677368858
2017-09-07;2465.10009765625;-0.000178436123234649
2017-09-08;2461.42993164062;-0.00148885070391847
2017-09-11;2488.11010742188;0.0108392993187771
2017-09-12;2496.47998046875;0.00336394801094531
2017-09-13;2498.3701171875;0.000757120719387938
2017-09-14;2495.6201171875;-0.00110071761628971
2017-09-15;2500.22998046875;0.00184718148788021
2017-09-18;2503.8701171875;0.0014559207541649
2017-09-19;2506.64990234375;0.00111019542793711
2017-09-20;2508.23999023438;0.000634347815839043
2017-09-21;2500.60009765625;-0.00304591769841411
2017-09-22;2502.21997070312;0.000647793722952095
2017-09-25;2496.65991210938;-0.00222205028288847
2017-09-26;2496.84008789062;7.21667297880479e-05
2017-09-27;2507.0400390625;0.00408514394708082
2017-09-28;2510.06005859375;0.00120461559615914
2017-09-29;2519.36010742188;0.00370511008144381
2017-10-02;2529.1201171875;0.00387400345701772
2017-10-03;2534.580078125;0.00215883812729767
2017-10-04;2537.73999023438;0.0012467201713795
2017-10-05;2552.07006835938;0.00564678736992152
2017-10-06;2549.330078125;-0.00107363440696451
2017-10-09;2544.72998046875;-0.00180443391607932
2017-10-10;2550.63989257812;0.00232241226170737
2017-10-11;2555.23999023438;0.0018035072962026
2017-10-12;2550.92993164062;-0.00168675295088605
2017-10-13;2553.169921875;0.000878107315528842
2017-10-16;2557.63989257812;0.00175075331446894
2017-10-17;2559.36010742188;0.000672578985314365
2017-10-18;2561.26000976562;0.000742334905604158
2017-10-19;2562.10009765625;0.000327997894560506
2017-10-20;2575.2099609375;0.00511684273898694
2017-10-23;2564.97998046875;-0.00397248403971917
2017-10-24;2569.1298828125;0.00161790827817354
2017-10-25;2557.14990234375;-0.00466304975427523
2017-10-26;2560.39990234375;0.00127094621907831
2017-10-27;2581.07006835938;0.00807302249804964
2017-10-30;2572.830078125;-0.00319247057078642
2017-10-31;2575.26000976562;0.000944458657135883
2017-11-01;2579.36010742188;0.00159211017167271
2017-11-02;2579.85009765625;0.000189965810886594
2017-11-03;2587.84008789062;0.00309707538497439
2017-11-06;2591.1298828125;0.00127125124047245
2017-11-07;2590.63989257812;-0.000189102922869777
2017-11-08;2594.3798828125;0.00144365500009846
2017-11-09;2584.6201171875;-0.00376188764400209
2017-11-10;2582.30004882812;-0.000897643852551755
2017-11-13;2584.84008789062;0.000983634362572428
2017-11-14;2578.8701171875;-0.0023096092988858
2017-11-15;2564.6201171875;-0.00552567572326634
2017-11-16;2585.63989257812;0.0081960580632412
2017-11-17;2578.85009765625;-0.0026259630899742
2017-11-20;2582.13989257812;0.00127568288085644
2017-11-21;2599.03002929688;0.00654113929585987
2017-11-22;2597.080078125;-0.00075026111660681
2017-11-24;2602.419921875;0.00205609514892391
2017-11-27;2601.419921875;-0.00038425774087969
2017-11-28;2627.0400390625;0.00984851271879017
2017-11-29;2626.07006835938;-0.000369225702197995
2017-11-30;2647.580078125;0.00819095043380291
2017-12-01;2642.21997070312;-0.00202453080311393
2017-12-04;2639.43994140625;-0.00105215664392055
2017-12-05;2629.57006835938;-0.00373938156047471
2017-12-06;2629.27001953125;-0.000114105659984265
2017-12-07;2636.97998046875;0.00293235798538283
2017-12-08;2651.5;0.00550630631965165
2017-12-11;2659.98999023438;0.00320195747100693
2017-12-12;2664.11010742188;0.00154892206460411
2017-12-13;2662.85009765625;-0.000472957090667858
2017-12-14;2652.01000976562;-0.00407085922717398
2017-12-15;2675.81005859375;0.00897434351321635
2017-12-18;2690.15991210938;0.00536280722525073
2017-12-19;2681.46997070312;-0.00323026945986871
2017-12-20;2679.25;-0.000827893180747719
2017-12-21;2684.57006835938;0.00198565582135868
2017-12-22;2683.34008789062;-0.00045816664770526
2017-12-26;2680.5;-0.00105841518316729
2017-12-27;2682.6201171875;0.00079094093919041
2017-12-28;2687.5400390625;0.00183399872515611
2017-12-29;2673.61010742188;-0.00518315315796536
2018-01-02;2695.81005859375;0.00830336147752009
2018-01-03;2713.06005859375;0.00639881876878157
2018-01-04;2723.98999023438;0.00402863608050397
2018-01-05;2743.14990234375;0.00703376744336959
2018-01-08;2747.7099609375;0.00166234393164366
2018-01-09;2751.2900390625;0.00130293159609129
2018-01-10;2748.22998046875;-0.00111222682825285
2018-01-11;2767.56005859375;0.00703364647877947
2018-01-12;2786.23999023438;0.00674960298788108
2018-01-16;2776.419921875;-0.0035244876226721
2018-01-17;2802.56005859375;0.00941505156075118
2018-01-18;2798.03002929688;-0.00161638973016265
2018-01-19;2810.30004882812;0.00438523511283884
2018-01-22;2832.96997070312;0.0080667264993477
2018-01-23;2839.1298828125;0.00217436547971817
2018-01-24;2837.5400390625;-0.000559975702282833
2018-01-25;2839.25;0.000602620901893891
2018-01-26;2872.8701171875;0.011841196508761
2018-01-29;2853.53002929688;-0.00673197433288719
2018-01-30;2822.42993164062;-0.0108988156202839
2018-01-31;2823.81005859375;0.000488985373083395
2018-02-01;2821.97998046875;-0.000648088252051648
2018-02-02;2762.1298828125;-0.0212085479239681
2018-02-05;2648.93994140625;-0.0409792248042282
2018-02-06;2695.13989257812;0.0174409205923138
2018-02-07;2681.65991210938;-0.00500158841693943
2018-02-08;2581;-0.0375364197580881
2018-02-09;2619.55004882812;0.0149360902084947
2018-02-12;2656;0.0139145847540425
2018-02-13;2662.93994140625;0.0026129297463291
2018-02-14;2698.6298828125;0.0134024582572458
2018-02-15;2731.19995117188;0.0120691127622994
2018-02-16;2732.21997070312;0.000373469372248803
2018-02-20;2716.26000976562;-0.00584138945935342
2018-02-21;2701.330078125;-0.00549650312817929
2018-02-22;2703.9599609375;0.000973551079076262
2018-02-23;2747.30004882812;0.0160283763505131
2018-02-26;2779.60009765625;0.0117570153438109
2018-02-27;2744.28002929688;-0.0127068884438293
2018-02-28;2713.830078125;-0.011095788639207
2018-03-01;2677.669921875;-0.0133243995419873
2018-03-02;2691.25;0.00507160274463203
2018-03-05;2720.93994140625;0.011032026532745
2018-03-06;2728.1201171875;0.00263885860616941
2018-03-07;2726.80004882812;-0.000483874720566102
2018-03-08;2738.96997070312;0.00446307820781722
2018-03-09;2786.57006835938;0.0173788315189269
2018-03-12;2783.02001953125;-0.00127398512904253
2018-03-13;2765.31005859375;-0.00636357655108888
2018-03-14;2749.47998046875;-0.00572452194856232
2018-03-15;2747.330078125;-0.000781930531963182
2018-03-16;2752.01000976562;0.00170344716781146
2018-03-19;2712.919921875;-0.014204195388793
2018-03-20;2716.93994140625;0.00148180545206489
2018-03-21;2711.92993164062;-0.00184398988335088
2018-03-22;2643.68994140625;-0.0251628884058565
2018-03-23;2588.26000976562;-0.020966880711866
2018-03-26;2658.55004882812;0.0271572557615125
2018-03-27;2612.6201171875;-0.0172763088138479
2018-03-28;2605;-0.00291665716625622
2018-03-29;2640.8701171875;0.0137697186900192
2018-04-02;2581.8798828125;-0.0223374235601651
2018-04-03;2614.44995117188;0.0126148658487921
2018-04-04;2644.68994140625;0.0115664827398285
2018-04-05;2662.84008789062;0.00686286365755384
2018-04-06;2604.46997070312;-0.0219202487798424
2018-04-09;2613.15991210938;0.00333654889632062
2018-04-10;2656.8701171875;0.0167269537832615
2018-04-11;2642.18994140625;-0.00552536448292407
2018-04-12;2663.98999023438;0.00825075006398768
2018-04-13;2656.30004882812;-0.0028866254882487
2018-04-16;2677.84008789062;0.00810903838668486
2018-04-17;2706.38989257812;0.01066150470172
2018-04-18;2708.63989257812;0.000831365800681771
2018-04-19;2693.1298828125;-0.00572612469015299
2018-04-20;2670.13989257812;-0.00853653230061302
2018-04-23;2670.2900390625;5.62316921268735e-05
2018-04-24;2634.56005859375;-0.0133805616416464
2018-04-25;2639.39990234375;0.00183705956302371
2018-04-26;2666.93994140625;0.0104342047743673
2018-04-27;2669.90991210938;0.00111362489158973
2018-04-30;2648.05004882812;-0.00818749096443461
2018-05-01;2654.80004882812;0.00254904547706225
2018-05-02;2635.669921875;-0.00720586356835773
2018-05-03;2629.72998046875;-0.00225367423930856
2018-05-04;2663.419921875;0.0128111789637979
2018-05-07;2672.6298828125;0.00345794550151757
2018-05-08;2671.919921875;-0.000265641322828025
2018-05-09;2697.7900390625;0.00968222025506882
2018-05-10;2723.07006835938;0.00937064372350482
2018-05-11;2727.71997070312;0.00170759555465705
2018-05-14;2730.1298828125;0.000883489557307326
2018-05-15;2711.44995117188;-0.00684214027992747
2018-05-16;2722.4599609375;0.00406056167876767
2018-05-17;2720.1298828125;-0.00085587232078066
2018-05-18;2712.96997070312;-0.00263219493841671
2018-05-21;2733.01000976562;0.00738675299723512
2018-05-22;2724.43994140625;-0.00313576178965769
2018-05-23;2733.2900390625;0.00324840989215636
2018-05-24;2727.76000976562;-0.00202321349649803
2018-05-25;2721.330078125;-0.00235722043640396
2018-05-29;2689.86010742188;-0.011564187290653
2018-05-30;2724.01000976562;0.0126957912233143
2018-05-31;2705.27001953125;-0.00687955997488698
2018-06-01;2734.6201171875;0.010849230370481
2018-06-04;2746.8701171875;0.00447959843599732
2018-06-05;2748.80004882812;0.000702592972470439
2018-06-06;2772.35009765625;0.0085673924657288
2018-06-07;2770.3701171875;-0.00071418846790805
2018-06-08;2779.03002929688;0.00312590438932636
2018-06-11;2782;0.00106870766843659
2018-06-12;2786.85009765625;0.00174338521072959
2018-06-13;2775.6298828125;-0.00402612786858758
2018-06-14;2782.48999023438;0.00247154977843222
2018-06-15;2779.65991210938;-0.00101710271552913
2018-06-18;2773.75;-0.00212612776247512
2018-06-19;2762.59008789062;-0.00402340229269937
2018-06-20;2767.32006835938;0.00171215428936899
2018-06-21;2749.76000976562;-0.00634551051557997
2018-06-22;2754.8798828125;0.00186193450653582
2018-06-25;2717.07006835938;-0.0137246689734162
2018-06-26;2723.06005859375;0.00220457701997789
2018-06-27;2699.6298828125;-0.00860435512882141
2018-06-28;2716.31005859375;0.00617868985946779
2018-06-29;2718.3701171875;0.000758403330000101
2018-07-02;2726.7099609375;0.00306795741215282
2018-07-03;2713.21997070312;-0.00494735062681062
2018-07-05;2736.61010742188;0.00862080368392992
2018-07-06;2759.82006835938;0.00848128159526751
2018-07-09;2784.169921875;0.00882298588766339
2018-07-10;2793.84008789062;0.00347326718087393
2018-07-11;2774.02001953125;-0.00709420286625617
2018-07-12;2798.2900390625;0.00874904267466348
2018-07-13;2801.31005859375;0.00107923749471728
2018-07-16;2798.42993164062;-0.00102813572681448
2018-07-17;2809.55004882812;0.00397369863071062
2018-07-18;2815.6201171875;0.00216051262795869
2018-07-19;2804.48999023438;-0.00395299312047914
2018-07-20;2801.830078125;-0.000948447710149458
2018-07-23;2806.97998046875;0.00183804948913835
2018-07-24;2820.39990234375;0.00478091114592094
2018-07-25;2846.07006835938;0.0091016050575996
2018-07-26;2837.43994140625;-0.00303229602428579
2018-07-27;2818.82006835938;-0.00656220869212365
2018-07-30;2802.60009765625;-0.00575417029458192
2018-07-31;2816.2900390625;0.00488472879798252
2018-08-01;2813.36010742188;-0.00104035152629389
2018-08-02;2827.21997070312;0.00492644480338167
2018-08-03;2840.35009765625;0.00464418300987712
2018-08-06;2850.39990234375;0.00353822745153587
2018-08-07;2858.44995117188;0.00282418225649872
2018-08-08;2857.69995117188;-0.000262379965649706
2018-08-09;2853.580078125;-0.0014416744645237
2018-08-10;2833.28002929688;-0.00711388791355161
2018-08-13;2821.92993164062;-0.00400599218534237
2018-08-14;2839.9599609375;0.00638925477727681
2018-08-15;2818.3701171875;-0.00760216483575815
2018-08-16;2840.68994140625;0.00791940848458306
2018-08-17;2850.1298828125;0.00332311572222377
2018-08-20;2857.05004882812;0.00242801777468338
2018-08-21;2862.9599609375;0.00206853643036431
2018-08-22;2861.82006835938;-0.000398151770781952
2018-08-23;2856.97998046875;-0.00169126212515514
2018-08-24;2874.68994140625;0.00619883970436308
2018-08-27;2896.73999023438;0.00767040942764718
2018-08-28;2897.52001953125;0.0002692783264997
2018-08-29;2914.0400390625;0.00570143412984003
2018-08-30;2901.1298828125;-0.00443032905414487
2018-08-31;2901.52001953125;0.000134477508594522
2018-09-04;2896.71997070312;-0.00165432214694849
2018-09-05;2888.60009765625;-0.00280312668431804
2018-09-06;2878.05004882812;-0.00365230508601211
2018-09-07;2871.67993164062;-0.00221334482702751
2018-09-10;2877.1298828125;0.00189782681274009
2018-09-11;2887.88989257812;0.00373984151007689
2018-09-12;2888.919921875;0.000356671942210118
2018-09-13;2904.17993164062;0.00528225432974994
2018-09-14;2904.97998046875;0.000275481838920788
2018-09-17;2888.80004882812;-0.00556972225261743
2018-09-18;2904.31005859375;0.005369014643958
2018-09-19;2907.94995117188;0.00125327272387965
2018-09-20;2930.75;0.0078405918984048
2018-09-21;2929.669921875;-0.000368533012027661
2018-09-24;2919.3701171875;-0.00351568776079325
2018-09-25;2915.56005859375;-0.00130509611347962
2018-09-26;2905.96997070312;-0.00328927811394508
2018-09-27;2914;0.00276328708755802
2018-09-28;2913.97998046875;-6.87012053879332e-06
2018-10-01;2924.59008789062;0.00364110511842575
2018-10-02;2923.42993164062;-0.000396690207904227
2018-10-03;2925.51000976562;0.000711519746886102
2018-10-04;2901.61010742188;-0.00816948233435189
2018-10-05;2885.57006835938;-0.00552797876650346
2018-10-08;2884.42993164062;-0.000395116629206771
2018-10-09;2880.34008789062;-0.00141790365754313
2018-10-10;2785.67993164062;-0.0328642290012785
2018-10-11;2728.3701171875;-0.020573007617344
2018-10-12;2767.1298828125;0.0142061978251524
2018-10-15;2750.7900390625;-0.00590497896448294
2018-10-16;2809.919921875;0.0214956001631634
2018-10-17;2809.2099609375;-0.000252662338158793
2018-10-18;2768.78002929688;-0.0143919223563954
2018-10-19;2767.78002929688;-0.000361169897723501
2018-10-22;2755.8798828125;-0.00429952754858132
2018-10-23;2740.68994140625;-0.00551182999701283
2018-10-24;2656.10009765625;-0.0308644339777439
2018-10-25;2705.57006835938;0.0186250400528118
2018-10-26;2658.68994140625;-0.0173272640399783
2018-10-29;2641.25;-0.00655959957370045
2018-10-30;2682.6298828125;0.0156667800520587
2018-10-31;2711.73999023438;0.0108513319740386
2018-11-01;2740.3701171875;0.0105578436930638
2018-11-02;2723.06005859375;-0.00631668637939886
2018-11-05;2738.31005859375;0.00560031716960196
2018-11-06;2755.44995117188;0.00625929577417073
2018-11-07;2813.88989257812;0.0212088560641053
2018-11-08;2806.830078125;-0.00250891638359618
2018-11-09;2781.01000976562;-0.00919901370610332
2018-11-12;2726.21997070312;-0.0197014893402406
2018-11-13;2722.17993164062;-0.00148191969317057
2018-11-14;2701.580078125;-0.00756741069030276
2018-11-15;2730.19995117188;0.0105937533662663
2018-11-16;2736.27001953125;0.0022233054237546
2018-11-19;2690.72998046875;-0.0166431085884943
2018-11-20;2641.88989257812;-0.0181512408324661
2018-11-21;2649.92993164062;0.00304329074617637
2018-11-23;2632.56005859375;-0.00655484239016124
2018-11-26;2673.44995117188;0.0155323683669224
2018-11-27;2682.169921875;0.00326169214400385
2018-11-28;2743.7900390625;0.0229739796442217
2018-11-29;2737.80004882812;-0.00218310809103373
2018-11-30;2760.169921875;0.00817074755201719
2018-12-03;2790.3701171875;0.0109414261321943
2018-12-04;2700.06005859375;-0.0323649031493988
2018-12-06;2695.94995117188;-0.00152222814777525
2018-12-07;2633.080078125;-0.0233201187653899
2018-12-10;2637.71997070312;0.00176215399473501
2018-12-11;2636.78002929688;-0.000356346168922328
2018-12-12;2651.07006835938;0.0054195036763498
2018-12-13;2650.5400390625;-0.000199930323683595
2018-12-14;2599.94995117188;-0.0190867095554303
2018-12-17;2545.93994140625;-0.0207734805592242
2018-12-18;2546.15991210938;8.64005861047623e-05
2018-12-19;2506.9599609375;-0.0153957145367981
2018-12-20;2467.419921875;-0.0157721063274237
2018-12-21;2416.6201171875;-0.0205882283097143
2018-12-24;2351.10009765625;-0.0271122544520995
2018-12-26;2467.69995117188;0.0495937427895394
2018-12-27;2488.830078125;0.00856268078422207
2018-12-28;2485.73999023438;-0.00124158250809669
2018-12-31;2506.85009765625;0.00849248413140935
2019-01-02;2510.03002929688;0.00126849692512443
2019-01-03;2447.88989257812;-0.0247567303950372
2019-01-04;2531.93994140625;0.0343357146426235
2019-01-07;2549.68994140625;0.00701043484868036
2019-01-08;2574.40991210938;0.00969528502335892
2019-01-09;2584.9599609375;0.00409804545053216
2019-01-10;2596.63989257812;0.00451841878293124
2019-01-11;2596.26000976562;-0.000146297841909337
2019-01-14;2582.61010742188;-0.00525752516789801
2019-01-15;2610.30004882812;0.0107216886229458
2019-01-16;2616.10009765625;0.00222198548811625
2019-01-17;2635.9599609375;0.00759140038221107
2019-01-18;2670.7099609375;0.0131830530489701
2019-01-22;2632.89990234375;-0.0141573061645667
2019-01-23;2638.69995117188;0.00220291277422358
2019-01-24;2642.330078125;0.0013757255543636
2019-01-25;2664.76000976562;0.00848869406071384
2019-01-28;2643.85009765625;-0.00784682749393784
2019-01-29;2640;-0.00145624657754351
2019-01-30;2681.05004882812;0.0155492609197443
2019-01-31;2704.10009765625;0.00859739594872533
2019-02-01;2706.53002929688;0.000898610093143848
2019-02-04;2724.8701171875;0.00677623661740401
2019-02-05;2737.69995117188;0.00470842037697472
2019-02-06;2731.61010742188;-0.00222443798028094
2019-02-07;2706.05004882812;-0.00935714014394018
2019-02-08;2707.8798828125;0.000676201086956096
2019-02-11;2709.80004882812;0.000709103098631703
2019-02-12;2744.72998046875;0.0128902247439735
2019-02-13;2753.03002929688;0.00302399466876069
2019-02-14;2745.72998046875;-0.00265164155510123
2019-02-15;2775.60009765625;0.010878752608587
2019-02-19;2779.76000976562;0.00149874332144884
2019-02-20;2784.69995117188;0.00177711075376852
2019-02-21;2774.8798828125;-0.00352643679088027
2019-02-22;2792.669921875;0.00641110239498688
2019-02-25;2796.11010742188;0.00123186256991126
2019-02-26;2793.89990234375;-0.000790457096899844
2019-02-27;2792.3798828125;-0.000544049387730339
2019-02-28;2784.48999023438;-0.00282550831521466
2019-03-01;2803.68994140625;0.00689532059343434
2019-03-04;2792.81005859375;-0.00388055849251401
2019-03-05;2789.64990234375;-0.00113153282310618
2019-03-06;2771.44995117188;-0.00652409865359238
2019-03-07;2748.92993164062;-0.00812571755868352
2019-03-08;2743.07006835938;-0.00213168884874149
2019-03-11;2783.30004882812;0.0146660418677571
2019-03-12;2791.52001953125;0.00295331820462041
2019-03-13;2810.919921875;0.00694958381384181
2019-03-14;2808.47998046875;-0.000868022382018774
2019-03-15;2822.47998046875;0.00498490290027398
2019-03-18;2832.93994140625;0.0037059469012648
2019-03-19;2832.57006835938;-0.000130561556024866
2019-03-20;2824.22998046875;-0.00294435360444789
2019-03-21;2854.8798828125;0.0108524810499544
2019-03-22;2800.7099609375;-0.0189745012394827
2019-03-25;2798.36010742188;-0.000839020658475631
2019-03-26;2818.4599609375;0.00718272586230628
2019-03-27;2805.3701171875;-0.00464432489069166
2019-03-28;2815.43994140625;0.00358948152939109
2019-03-29;2834.39990234375;0.00673428001736376
2019-04-01;2867.18994140625;0.0115686001242754
2019-04-02;2867.23999023438;1.74557072072368e-05
2019-04-03;2873.39990234375;0.00214837688172431
2019-04-04;2879.38989257812;0.00208463507968015
2019-04-05;2892.73999023438;0.00463643277024106
2019-04-08;2895.77001953125;0.00104745995392053
2019-04-09;2878.19995117188;-0.00606749439384657
2019-04-10;2888.2099609375;0.0034778715639785
2019-04-11;2888.32006835938;3.81230670083443e-05
2019-04-12;2907.40991210938;0.0066093242086025
2019-04-15;2905.580078125;-0.000629369108481659
2019-04-16;2907.06005859375;0.000509358003894622
2019-04-17;2900.44995117188;-0.00227381178532393
2019-04-18;2905.03002929688;0.00157909227950981
2019-04-22;2907.96997070312;0.0010120175614714
2019-04-23;2933.67993164062;0.00884120578840908
2019-04-24;2927.25;-0.00219176317473369
2019-04-25;2926.169921875;-0.000368973652745797
2019-04-26;2939.8798828125;0.00468529214076363
2019-04-29;2943.03002929688;0.00107152217435535
2019-04-30;2945.830078125;0.000951417009086297
2019-05-01;2923.72998046875;-0.00750216308142138
2019-05-02;2917.52001953125;-0.0021239857917742
2019-05-03;2945.63989257812;0.00963827938064776
2019-05-06;2932.46997070312;-0.00447098842875637
2019-05-07;2884.05004882812;-0.0165116513924234
2019-05-08;2879.419921875;-0.00160542531326957
2019-05-09;2870.71997070312;-0.00302142494249669
2019-05-10;2881.39990234375;0.00372029725978784
2019-05-13;2811.8701171875;-0.0241305571988443
2019-05-14;2834.40991210938;0.00801594454313559
2019-05-15;2850.9599609375;0.00583897507464215
2019-05-16;2876.32006835938;0.0088952871206005
2019-05-17;2859.53002929688;-0.00583733335076198
2019-05-20;2840.22998046875;-0.00674937791538799
2019-05-21;2864.36010742188;0.00849583559044831
2019-05-22;2856.27001953125;-0.00282439623064945
2019-05-23;2822.23999023438;-0.0119141499452702
2019-05-24;2826.06005859375;0.00135355900724021
2019-05-28;2802.38989257812;-0.00837567692294672
2019-05-29;2783.02001953125;-0.00691191225681131
2019-05-30;2788.86010742188;0.00209847139066177
2019-05-31;2752.06005859375;-0.0131953728084785
2019-06-03;2744.44995117188;-0.00276524031447323
2019-06-04;2803.27001953125;0.0214323705681931
2019-06-05;2826.14990234375;0.00816185478141196
2019-06-06;2843.48999023438;0.00613558674868764
2019-06-07;2873.34008789062;0.0104976974628948
2019-06-10;2886.72998046875;0.00466004446690982
2019-06-11;2885.71997070312;-0.000349880235580913
2019-06-12;2879.84008789062;-0.0020375791387226
2019-06-13;2891.63989257812;0.00409738191266817
2019-06-14;2886.97998046875;-0.00161151190413977
2019-06-17;2889.669921875;0.000931749241230628
2019-06-18;2917.75;0.00971739987063303
2019-06-19;2926.4599609375;0.00298516354639711
2019-06-20;2954.17993164062;0.00947218519068516
2019-06-21;2950.4599609375;-0.00125922279251933
2019-06-24;2945.35009765625;-0.00173188701046678
2019-06-25;2917.3798828125;-0.0094963973437342
2019-06-26;2913.78002929688;-0.00123393375570768
2019-06-27;2924.919921875;0.00382317555413181
2019-06-28;2941.76000976562;0.00575745262790983
2019-07-01;2964.330078125;0.00767230103218819
2019-07-02;2973.01000976562;0.00292812588742319
2019-07-03;2995.82006835938;0.00767237867307013
2019-07-05;2990.40991210938;-0.00180590159841032
2019-07-08;2975.94995117188;-0.00483544442484152
2019-07-09;2979.6298828125;0.00123655696534009
2019-07-10;2993.07006835938;0.0045106896075926
2019-07-11;2999.90991210938;0.00228522673835996
2019-07-12;3013.77001953125;0.00462017454788488
2019-07-15;3014.30004882812;0.000175869191557432
2019-07-16;3004.0400390625;-0.00340377852218587
2019-07-17;2984.419921875;-0.0065312435694509
2019-07-18;2995.11010742188;0.00358199778406476
2019-07-19;2976.61010742188;-0.00617673452276668
2019-07-22;2985.03002929688;0.00282869491506665
2019-07-23;3005.46997070312;0.00684748267375546
2019-07-24;3019.56005859375;0.00468814795289019
2019-07-25;3003.669921875;-0.00526240128045352
2019-07-26;3025.86010742188;0.00738769109923476
2019-07-29;3020.96997070312;-0.00161611460713451
2019-07-30;3013.17993164062;-0.00257865491482756
2019-07-31;2980.3798828125;-0.0108855261126958
2019-08-01;2953.56005859375;-0.00899879386967306
2019-08-02;2932.05004882812;-0.00728273992703787
2019-08-05;2844.73999023438;-0.0297778200029859
2019-08-06;2881.77001953125;0.0130170171699326
2019-08-07;2883.97998046875;0.000766876233190716
2019-08-08;2938.09008789062;0.0187623034099842
2019-08-09;2918.64990234375;-0.00661660635492356
2019-08-12;2882.69995117188;-0.0123173221779722
2019-08-13;2926.32006835938;0.0151316883221813
2019-08-14;2840.60009765625;-0.0292927529117426
2019-08-15;2847.60009765625;0.00246426802765209
2019-08-16;2888.67993164062;0.0144261246578079
2019-08-19;2923.64990234375;0.0121058654924306
2019-08-20;2900.51000976562;-0.00791472760113132
2019-08-21;2924.42993164062;0.00824679859557964
2019-08-22;2922.94995117188;-0.000506074860176176
2019-08-23;2847.11010742188;-0.0259463367546181
2019-08-26;2878.3798828125;0.0109829877352163
2019-08-27;2869.15991210938;-0.00320318063580827
2019-08-28;2887.93994140625;0.00654548016567968
2019-08-29;2924.580078125;0.0126872917935088
2019-08-30;2926.4599609375;0.000642787259121702
2019-09-03;2906.27001953125;-0.00689910050906084
2019-09-04;2937.78002929688;0.0108420792128281
2019-09-05;2976;0.0130098136422667
2019-09-06;2978.7099609375;0.00091060515372976
2019-09-09;2978.42993164062;-9.40102596584946e-05
2019-09-10;2979.38989257812;0.000322304354821945
2019-09-11;3000.92993164062;0.00722968118948031
2019-09-12;3009.57006835938;0.00287915310106102
2019-09-13;3007.38989257812;-0.000724414362094694
2019-09-16;2997.9599609375;-0.00313558666400282
2019-09-17;3005.69995117188;0.00258175237001979
2019-09-18;3006.72998046875;0.000342691989755561
2019-09-19;3006.7900390625;1.99747214215673e-05
2019-09-20;2992.07006835938;-0.0048955765157831
2019-09-23;2991.78002929688;-9.69359192376507e-05
2019-09-24;2966.60009765625;-0.00841637132210649
2019-09-25;2984.8701171875;0.0061585717420034
2019-09-26;2977.6201171875;-0.00242891640686571
2019-09-27;2961.7900390625;-0.00531635249024054
2019-09-30;2976.73999023438;0.00504760667525472
2019-10-01;2940.25;-0.0122583733729132
2019-10-02;2887.61010742188;-0.017903202985503
2019-10-03;2910.6298828125;0.00797191259701524
2019-10-04;2952.01000976562;0.0142168975854602
2019-10-07;2938.7900390625;-0.0044782946735924
2019-10-08;2893.06005859375;-0.0155608192014078
2019-10-09;2919.39990234375;0.0091044925499415
2019-10-10;2938.1298828125;0.00641569538099707
2019-10-11;2970.27001953125;0.010938977513133
2019-10-14;2966.14990234375;-0.0013871187334511
2019-10-15;2995.67993164062;0.00995567664113728
2019-10-16;2989.68994140625;-0.00199954279865089
2019-10-17;2997.94995117188;0.00276283157367807
2019-10-18;2986.19995117188;-0.00391934494950696
2019-10-21;3006.71997070312;0.00687161605611752
2019-10-22;2995.98999023438;-0.00356866637841258
2019-10-23;3004.52001953125;0.00284714879711845
2019-10-24;3010.2900390625;0.00192044635873323
2019-10-25;3022.55004882812;0.00407270050610919
2019-10-28;3039.419921875;0.00558133786847148
2019-10-29;3036.88989257812;-0.000832405314799112
2019-10-30;3046.77001953125;0.00325337015914573
2019-10-31;3037.56005859375;-0.0030228605633047
2019-11-01;3066.90991210938;0.00966231216814606
2019-11-04;3078.27001953125;0.00370408904970465
2019-11-05;3074.6201171875;-0.00118569921436129
2019-11-06;3076.78002929688;0.000702497227966781
2019-11-07;3085.17993164062;0.00273009518515033
2019-11-08;3093.080078125;0.00256067609002431
2019-11-11;3087.01000976562;-0.00196246725143134
2019-11-12;3091.84008789062;0.00156464608463214
2019-11-13;3094.0400390625;0.000711534590838392
2019-11-14;3096.6298828125;0.000837042739364469
2019-11-15;3120.4599609375;0.00769548800690267
2019-11-18;3122.03002929688;0.000503152861766942
2019-11-19;3120.17993164062;-0.000592594446206074
2019-11-20;3108.4599609375;-0.0037561842457472
2019-11-21;3103.5400390625;-0.00158275221068516
2019-11-22;3110.2900390625;0.00217493569119176
2019-11-25;3133.63989257812;0.00750729135301587
2019-11-26;3140.52001953125;0.00219557038746543
2019-11-27;3153.6298828125;0.00417442436275461
2019-11-29;3140.97998046875;-0.00401121970992624
2019-12-02;3113.8701171875;-0.00863102071640842
2019-12-03;3093.19995117188;-0.00663809511563529
2019-12-04;3112.76000976562;0.00632356747139462
2019-12-05;3117.42993164062;0.00150025117913022
2019-12-06;3145.90991210938;0.00913572432845733
2019-12-09;3135.9599609375;-0.00316282139344648
2019-12-10;3132.52001953125;-0.00109693409644862
2019-12-11;3141.6298828125;0.00290815804031586
2019-12-12;3168.57006835938;0.00857522577508618
2019-12-13;3168.80004882812;7.25817841449317e-05
2019-12-16;3191.44995117188;0.00714778527983362
2019-12-17;3192.52001953125;0.000335292226337991
2019-12-18;3191.13989257812;-0.000432300171864797
2019-12-19;3205.3701171875;0.00445929200486361
2019-12-20;3221.21997070312;0.00494478108179663
2019-12-23;3224.01000976562;0.000866143600212199
2019-12-24;3223.3798828125;-0.000195448199979631
2019-12-26;3239.90991210938;0.00512816667530114
2019-12-27;3240.02001953125;3.3984717125346e-05
2019-12-30;3221.2900390625;-0.00578082245043032
2019-12-31;3230.78002929688;0.0029460216619106
